<!-- BEGIN DUIK PSEUDO EFFECTS v15.04 -->
<Effect matchname='PSEUDO/DUIK_One_Layer_IK' name='$$$/AE/Preset/1ik=DUIK_One_Layer_IK'>
    <Slider name='$$$/AE/Preset/DuikWeight=Weight' default='100' valid_min='-1000' valid_max='1000' slider_min='0' slider_max='100' precision='1' DISPLAY_PERCENT='true'/>
    <Checkbox name='$$$/AE/Preset/DuikReverse=Reverse' default='true'/>
    <Angle name='$$$/AE/Preset/DuikFK=FK' default='0'/>
</Effect>
<Effect matchname='PSEUDO/DUIK_Two_Layer_IK_v2' name='$$$/AE/Preset/2ik=DUIK_Two_Layer_IK'>
    <Checkbox name='$$$/AE/Preset/DuikClockwise=Clockwise' default='false'/>
    <Group name='$$$/AE/Preset/DuikFK=FK'>
        <Checkbox name='$$$/AE/Preset/DuikDisableIK=Disable IK' default='false'/>
        <Angle name='$$$/AE/Preset/DuikUpperFK=Upper FK' default='0'/>
        <Angle name='$$$/AE/Preset/DuikLowerFK=Lower FK' default='0'/>
    </Group>
    <Group name='$$$/AE/Preset/Stretch=Stretch'>
        <Checkbox name='$$$/AE/Preset/DuikAuto-Stretch=Auto-Stretch' default='true'/>
        <Slider name='$$$/AE/Preset/DuikStretch=Stretch' default='0' valid_min='-1000' valid_max='1000' slider_min='-100' slider_max='100' precision='1'/>
		<Slider name='$$$/AE/Preset/DuikAuto-Shrink=Auto-Shrink' default='10' valid_min='-150' valid_max='100' slider_min='0' slider_max='100' precision='1' DISPLAY_PERCENT='true'/>
    </Group>
</Effect>
<Effect matchname='PSEUDO/DUIK_Three_Layer_IK_v2' name='$$$/AE/Preset/2ik=DUIK_Three_Layer_IK'>
    <Checkbox name='$$$/AE/Preset/DuikClockwise=Clockwise' default='false'/>
    <Group name='$$$/AE/Preset/DuikFK=FK'>
        <Checkbox name='$$$/AE/Preset/DuikDisableIK=Disable IK' default='false'/>
        <Angle name='$$$/AE/Preset/DuikUpperFK=Upper FK' default='0'/>
        <Angle name='$$$/AE/Preset/DuikMiddleFK=Middle FK' default='0'/>
        <Angle name='$$$/AE/Preset/DuikLowerFK=Lower FK' default='0'/>
    </Group>
    <Group name='$$$/AE/Preset/Stretch=Stretch'>
        <Checkbox name='$$$/AE/Preset/DuikAuto-Stretch=Auto-Stretch' default='true'/>
        <Slider name='$$$/AE/Preset/DuikStretch=Stretch' default='0' valid_min='-1000' valid_max='1000' slider_min='-100' slider_max='100' precision='1'/>
		<Slider name='$$$/AE/Preset/DuikAuto-Shrink=Auto-Shrink' default='10' valid_min='-150' valid_max='100' slider_min='0' slider_max='100' precision='1' DISPLAY_PERCENT='true'/>
    </Group>
</Effect>
<Effect matchname='PSEUDO/DUIK_3D_Wiggle' name='$$$/AE/Preset/3dwiggle=DUIK_3D_Wiggle'>
    <Group name='$$$/AE/Preset/DuikAmplitudes=Amplitudes'>
        <Slider name='$$$/AE/Preset/DuikXAmp=X Amp.' default='0' valid_min='0' valid_max='10000' slider_min='0' slider_max='1000' precision='1'/>
        <Slider name='$$$/AE/Preset/DuikYAmp=Y Amp.' default='0' valid_min='0' valid_max='10000' slider_min='0' slider_max='1000' precision='1'/>
        <Slider name='$$$/AE/Preset/DuikZAmp=Z Amp.' default='0' valid_min='0' valid_max='10000' slider_min='0' slider_max='1000' precision='1'/>
    </Group>
    <Group name='$$$/AE/Preset/DuikFrequencies=Frequencies'>
        <Slider name='$$$/AE/Preset/DuikXFrequ=X Freq.' default='0' valid_min='0' valid_max='100' slider_min='0' slider_max='100' precision='1'/>
        <Slider name='$$$/AE/Preset/DuikYFreq=Y Freq.' default='0' valid_min='0' valid_max='100' slider_min='0' slider_max='100' precision='1'/>
        <Slider name='$$$/AE/Preset/DuikZFreq=Z Freq' default='0' valid_min='0' valid_max='100' slider_min='0' slider_max='100' precision='1'/>
    </Group>
        <Slider name='$$$/AE/Preset/DuikLoopDuration=Loop Duration (s)' default='0' valid_min='0' valid_max='10000' slider_min='0' slider_max='10' precision='2'/>
</Effect>
<Effect matchname='PSEUDO/DUIK_2D_Wiggle' name='$$$/AE/Preset/2dwiggle=DUIK_2D_Wiggle'>
    <Group name='$$$/AE/Preset/DuikAmplitudes=Amplitudes'>
        <Slider name='$$$/AE/Preset/DuikXAmp=X Amp.' default='0' valid_min='0' valid_max='10000' slider_min='-1000' slider_max='1000' precision='1'/>
        <Slider name='$$$/AE/Preset/DuikYAmp=Y Amp.' default='0' valid_min='0' valid_max='10000' slider_min='-1000' slider_max='1000' precision='1'/>
    </Group>
    <Group name='$$$/AE/Preset/DuikFrequencies=Frequencies'>
        <Slider name='$$$/AE/Preset/DuikXFreq=X Freq.' default='0' valid_min='0' valid_max='100' slider_min='0' slider_max='100' precision='1'/>
        <Slider name='$$$/AE/Preset/DuikYFreq=Y Freq.' default='0' valid_min='0' valid_max='100' slider_min='0' slider_max='100' precision='1'/>
    </Group>
        <Slider name='$$$/AE/Preset/DuikLoopDuration=Loop Duration (s)' default='0' valid_min='0' valid_max='10000' slider_min='0' slider_max='10' precision='2'/>
</Effect>
<Effect matchname='PSEUDO/DUIK_1D_Wiggle' name='$$$/AE/Preset/1dwiggle=DUIK_1D_Wiggle'>
    <Slider name='$$$/AE/Preset/DuikAmplitude=Amplitude' default='0' valid_min='0' valid_max='10000' slider_min='0' slider_max='1000' precision='1'/>
    <Slider name='$$$/AE/Preset/DuikFrequency=Frequency' default='0' valid_min='0' valid_max='100' slider_min='0' slider_max='100' precision='1'/>
        <Slider name='$$$/AE/Preset/DuikLoopDuration=Loop Duration (s)' default='0' valid_min='0' valid_max='10000' slider_min='0' slider_max='10' precision='2'/>
</Effect>
<Effect matchname='PSEUDO/DUIK_Exposure' name='$$$/AE/Preset/exposure=DUIK_Exposure'>
    <Slider name='$$$/AE/Preset/DuikExposure=Exposure (frames)' default='1' valid_min='1' valid_max='1000' slider_min='1' slider_max='30' precision='1'/>
</Effect>
<Effect matchname='PSEUDO/DUIK_RotMorph' name='$$$/AE/Preset/rotmorph=DUIK_RotMorph'>
    <Layer name='$$$/AE/Preset/DuikReferenceLayer=Reference Layer' default_self='true'/>
    <Angle name='$$$/AE/Preset/DuikMin.Angle=Min. Angle' default='0'/>
    <Angle name='$$$/AE/Preset/DuikMax.Angle=Max. Angle' default='0'/>
</Effect>
<Effect matchname='PSEUDO/DUIK_Swing' name='$$$/AE/Preset/swing=DUIK_Swing'>
    <Slider name='$$$/AE/Preset/DuikAmplitude=Amplitude' default='0' valid_min='0' valid_max='10000' slider_min='0' slider_max='100' precision='1'/>
    <Slider name='$$$/AE/Preset/DuikFrequency=Frequency' default='0' valid_min='0' valid_max='100' slider_min='0' slider_max='50' precision='1'/>
    <Slider name='$$$/AE/Preset/DuikOffset=Offset' default='0' valid_min='-100' valid_max='100' slider_min='-10' slider_max='10' precision='1'/>
    <Slider name='$$$/AE/Preset/DuikDamping=Damping' default='0' valid_min='0' valid_max='100' slider_min='0' slider_max='100' precision='1'/>
</Effect>
<Effect matchname='PSEUDO/DUIK_Wheel' name='$$$/AE/Preset/wheel=DUIK_Wheel'>
    <Slider name='$$$/AE/Preset/DuikRadius=Radius' default='100' valid_min='1' valid_max='10000' slider_min='1' slider_max='1000' precision='1'/>
    <Checkbox name='$$$/AE/Preset/DuikReverse=Reverse' default='false'/>
</Effect>
<Effect matchname='PSEUDO/DUIK_LensFlare' name='$$$/AE/Preset/lensflare=DUIK_LensFlare'>
    <Slider name='$$$/AE/Preset/DuikIntensity=Intensity' default='100' valid_min='0' valid_max='1000' slider_min='0' slider_max='200' precision='1' DISPLAY_PERCENT='true'/>
    <Slider name='$$$/AE/Preset/DuikScale=Scale' default='100' valid_min='0' valid_max='1000' slider_min='0' slider_max='200' precision='1' DISPLAY_PERCENT='true'/>
</Effect>
<Effect matchname='PSEUDO/DUIK_LensFlareDistance' name='$$$/AE/Preset/lensflaredistance=DUIK_LensFlareDistance'>
    <Slider name='$$$/AE/Preset/DuikDistance=Distance' default='0' valid_min='-1000' valid_max='1000' slider_min='-100' slider_max='100' precision='1' DISPLAY_PERCENT='true'/>
</Effect>
<Effect matchname='PSEUDO/DUIK_DistanceLink' name='$$$/AE/Preset/distancelink=DUIK_DistanceLink'>
    <Group name='$$$/AE/Preset/DuikRange=Range'>
        <Slider name='$$$/AE/Preset/DuikMinimumDistance=Minimum Distance' default='0' valid_min='0' valid_max='10000' slider_min='0' slider_max='1000' precision='1'/>
        <Slider name='$$$/AE/Preset/DuikMaximumDistance=Maximum Distance' default='500' valid_min='0' valid_max='10000' slider_min='0' slider_max='1000' precision='1'/>
    </Group>
    <Checkbox name='$$$/AE/Preset/DuikReverse=Reverse' default='false'/>
    <Slider name='$$$/AE/Preset/DuikFalloff=Falloff' default='10' valid_min='0' valid_max='1000' slider_min='0' slider_max='100' precision='1'/>
</Effect>
<Effect matchname='PSEUDO/DUIK_Spring' name='$$$/AE/Preset/spring=DUIK_Spring'>
   <Slider name='$$$/AE/Preset/DuikElasticity=Elasticity' default='10' valid_min='0' valid_max='100' slider_min='0' slider_max='25' precision='1'/>
   <Slider name='$$$/AE/Preset/DuikDamping=Damping' default='5' valid_min='0' valid_max='100' slider_min='0' slider_max='20' precision='1'/>
	<Slider name='$$$/AE/Preset/DuikSpeedLimit=Trigger speed' default='0.1' valid_min='0' valid_max='1000' slider_min='0' slider_max='10' precision='2'/>
</Effect>
<Effect matchname='PSEUDO/DUIK_Spring_Bounce' name='$$$/AE/Preset/springbounce=DUIK_Spring_Bounce'>
    <Slider name='$$$/AE/Preset/DuikElasticity=Elasticity' default='10' valid_min='0' valid_max='100' slider_min='0' slider_max='25' precision='1'/>
    <Slider name='$$$/AE/Preset/DuikDamping=Damping' default='5' valid_min='0' valid_max='100' slider_min='0' slider_max='20' precision='1'/>
    <Checkbox name='$$$/AE/Preset/DuikBounce=Bounce' default='false'/>
	<Slider name='$$$/AE/Preset/DuikSpeedLimit=Trigger speed' default='0.1' valid_min='0' valid_max='1000' slider_min='0' slider_max='10' precision='2'/>
</Effect>
<Effect matchname='PSEUDO/DUIK_Paint_Rig' name='$$$/AE/Preset/DUIK_Paint_Rig=DUIK_Paint_Rig'>
	<Slider name='$$$/AE/Preset/Start=Start' default='0' valid_min='0' valid_max='100' slider_min='0' slider_max='100' precision='2' DISPLAY_PERCENT='true'/>
	<Slider name='$$$/AE/Preset/End=End' default='100' valid_min='0' valid_max='100' slider_min='0' slider_max='100' precision='2' DISPLAY_PERCENT='true'/>
	<Slider name='$$$/AE/Preset/Diameter=Diameter' default='0' valid_min='-1000' valid_max='10000' slider_min='-100' slider_max='100' precision='0'/>
</Effect>
<Effect matchname='PSEUDO/DUIK_Blink_1D' name='$$$/AE/Preset/DUIK_Blink_1D=DUIK_Blink_1D'>
	<Slider name='$$$/AE/Preset/Frequency=Frequency' default='1' valid_min='0' valid_max='50' slider_min='0' slider_max='15' precision='2'/>
	<Slider name='$$$/AE/Preset/Timeon=Time on' default='50' valid_min='0' valid_max='100' slider_min='0' slider_max='100' precision='0' DISPLAY_PERCENT='true'/>
	<Slider name='$$$/AE/Preset/Offset=Offset' default='0' valid_min='-100' valid_max='100' slider_min='-10' slider_max='10' precision='2'/>
	<Slider name='$$$/AE/Preset/Offvalue=Off value' default='0' valid_min='-10000' valid_max='10000' slider_min='-100' slider_max='100' precision='2'/>
</Effect>
<Effect matchname='PSEUDO/DUIK_Blink_2D' name='$$$/AE/Preset/DUIK_Blink_1D=DUIK_Blink_2D'>
	<Slider name='$$$/AE/Preset/Frequency=Frequency' default='1' valid_min='0' valid_max='50' slider_min='0' slider_max='15' precision='2'/>
	<Slider name='$$$/AE/Preset/Timeon=Time on' default='50' valid_min='0' valid_max='100' slider_min='0' slider_max='100' precision='0' DISPLAY_PERCENT='true'/>
	<Slider name='$$$/AE/Preset/Offset=Offset' default='0' valid_min='-100' valid_max='100' slider_min='-10' slider_max='10' precision='2'/>
	<Slider name='$$$/AE/Preset/xOffvalue=X Off value' default='0' valid_min='-10000' valid_max='10000' slider_min='-100' slider_max='100' precision='2'/>
	<Slider name='$$$/AE/Preset/yOffvalue=Y Off value' default='0' valid_min='-10000' valid_max='10000' slider_min='-100' slider_max='100' precision='2'/>
</Effect>
<Effect matchname='PSEUDO/DUIK_Blink_3D' name='$$$/AE/Preset/DUIK_Blink_1D=DUIK_Blink_3D'>
	<Slider name='$$$/AE/Preset/Frequency=Frequency' default='1' valid_min='0' valid_max='50' slider_min='0' slider_max='15' precision='2'/>
	<Slider name='$$$/AE/Preset/Timeon=Time on' default='50' valid_min='0' valid_max='100' slider_min='0' slider_max='100' precision='0' DISPLAY_PERCENT='true'/>
	<Slider name='$$$/AE/Preset/Offset=Offset' default='0' valid_min='-100' valid_max='100' slider_min='-10' slider_max='10' precision='2'/>
	<Slider name='$$$/AE/Preset/xOffvalue=X Off value' default='0' valid_min='-10000' valid_max='10000' slider_min='-100' slider_max='100' precision='2'/>
	<Slider name='$$$/AE/Preset/yOffvalue=Y Off value' default='0' valid_min='-10000' valid_max='10000' slider_min='-100' slider_max='100' precision='2'/>
	<Slider name='$$$/AE/Preset/zOffvalue=Z Off value' default='0' valid_min='-10000' valid_max='10000' slider_min='-100' slider_max='100' precision='2'/>
</Effect>
<Effect matchname='PSEUDO/DUIK_Multiplane' name='$$$/AE/Preset/DUIK_Multiplane=DUIK_Multiplane'>
	<Point name='$$$/AE/Preset/Pan=Pan' default_x='0.5' default_y='0.5'/>
	<Slider name='$$$/AE/Preset/Zoom=Zoom' default='0' valid_min='-10000' valid_max='10000' slider_min='-100' slider_max='100' precision='2' DISPLAY_PERCENT='true'/>
	<Slider name='$$$/AE/Preset/TruckInOut=Truck In Out' default='0' valid_min='-10000' valid_max='10000' slider_min='-100' slider_max='100' precision='2' DISPLAY_PERCENT='true'/>
	<Angle name='$$$/AE/Preset/Tilt=Tilt' default='0.0'/>
</Effect>
<Effect matchname='PSEUDO/DUIK_Paint_Group' name='$$$/AE/Preset/DUIK_Paint_Group=DUIK_Paint_Group'>
<Group name='$$$/AE/Preset/StrokeOptions=Stroke Options'>
	<Slider name='$$$/AE/Preset/Start=Start' default='0' valid_min='0' valid_max='100' slider_min='0' slider_max='100' precision='1' DISPLAY_PERCENT='true'/>
	<Slider name='$$$/AE/Preset/End=End' default='100' valid_min='0' valid_max='100' slider_min='0' slider_max='100' precision='1' DISPLAY_PERCENT='true'/>
	<Color name='$$$/AE/Preset/Color=Color' default_red='255' default_green='0' default_blue='0'/>
	<Slider name='$$$/AE/Preset/Diameter=Diameter' default='0' valid_min='-32000' valid_max='32000' slider_min='-100' slider_max='100' precision='1'/>
</Group>
<Group name='$$$/AE/Preset/Transform=Transform'>
	<Point name='$$$/AE/Preset/AnchorPoint=Anchor Point' default_x='0.5' default_y='0.5'/>
	<Point name='$$$/AE/Preset/Position=Position' default_x='0.5' default_y='0.5'/>
	<Slider name='$$$/AE/Preset/Scale=Scale' default='100' valid_min='-10000' valid_max='10000' slider_min='-100' slider_max='100' precision='1' DISPLAY_PERCENT='true'/>
	<Angle name='$$$/AE/Preset/Rotation=Rotation' default='0.0'/>
</Group>
</Effect>
<Effect matchname='PSEUDO/DUIK_1D_List' name='$$$/AE/Preset/DUIK_1D_List=DUIK_1D_List'>
<Group name='$$$/AE/Preset/1=1'>
	<Slider name='$$$/AE/Preset/Value=Value' default='0' valid_min='-10000' valid_max='10000' slider_min='-100' slider_max='100' precision='2'/>
	<Slider name='$$$/AE/Preset/Weight=Weight' default='100' valid_min='-1000' valid_max='1000' slider_min='-100' slider_max='200' precision='2' DISPLAY_PERCENT='true'/>
</Group>
	<Group name='$$$/AE/Preset/2=2'>
	<Slider name='$$$/AE/Preset/Value=Value' default='0' valid_min='-10000' valid_max='10000' slider_min='-100' slider_max='100' precision='2'/>
	<Slider name='$$$/AE/Preset/Weight=Weight' default='100' valid_min='-1000' valid_max='1000' slider_min='-100' slider_max='200' precision='2' DISPLAY_PERCENT='true'/>
</Group>
	<Group name='$$$/AE/Preset/3=3'>
	<Slider name='$$$/AE/Preset/Value=Value' default='0' valid_min='-10000' valid_max='10000' slider_min='-100' slider_max='100' precision='2'/>
	<Slider name='$$$/AE/Preset/Weight=Weight' default='100' valid_min='-1000' valid_max='1000' slider_min='-100' slider_max='200' precision='2' DISPLAY_PERCENT='true'/>
</Group>
	<Group name='$$$/AE/Preset/4=4'>
	<Slider name='$$$/AE/Preset/Value=Value' default='0' valid_min='-10000' valid_max='10000' slider_min='-100' slider_max='100' precision='2'/>
	<Slider name='$$$/AE/Preset/Weight=Weight' default='100' valid_min='-1000' valid_max='1000' slider_min='-100' slider_max='200' precision='2' DISPLAY_PERCENT='true'/>
</Group>
	<Group name='$$$/AE/Preset/5=5'>
	<Slider name='$$$/AE/Preset/Value=Value' default='0' valid_min='-10000' valid_max='10000' slider_min='-100' slider_max='100' precision='2'/>
	<Slider name='$$$/AE/Preset/Weight=Weight' default='100' valid_min='-1000' valid_max='1000' slider_min='-100' slider_max='200' precision='2' DISPLAY_PERCENT='true'/>
</Group>
</Effect>
<Effect matchname='PSEUDO/DUIK_2D_List' name='$$$/AE/Preset/DUIK_2D_List=DUIK_2D_List'>
<Group name='$$$/AE/Preset/1=1'>
	<Point name='$$$/AE/Preset/Value=Value' default_x='0' default_y='0'/>
	<Slider name='$$$/AE/Preset/Weight=Weight' default='100' valid_min='-1000' valid_max='1000' slider_min='-100' slider_max='200' precision='2' DISPLAY_PERCENT='true'/>
</Group>
<Group name='$$$/AE/Preset/2=2'>
	<Point name='$$$/AE/Preset/Value=Value' default_x='0' default_y='0'/>
	<Slider name='$$$/AE/Preset/Weight=Weight' default='100' valid_min='-1000' valid_max='1000' slider_min='-100' slider_max='200' precision='2' DISPLAY_PERCENT='true'/>
</Group>
<Group name='$$$/AE/Preset/3=3'>
	<Point name='$$$/AE/Preset/Value=Value' default_x='0' default_y='0'/>
	<Slider name='$$$/AE/Preset/Weight=Weight' default='100' valid_min='-1000' valid_max='1000' slider_min='-100' slider_max='200' precision='2' DISPLAY_PERCENT='true'/>
</Group>
<Group name='$$$/AE/Preset/4=4'>
	<Point name='$$$/AE/Preset/Value=Value' default_x='0' default_y='0'/>
	<Slider name='$$$/AE/Preset/Weight=Weight' default='100' valid_min='-1000' valid_max='1000' slider_min='-100' slider_max='200' precision='2' DISPLAY_PERCENT='true'/>
</Group>
<Group name='$$$/AE/Preset/5=5'>
	<Point name='$$$/AE/Preset/Value=Value' default_x='0' default_y='0'/>
	<Slider name='$$$/AE/Preset/Weight=Weight' default='100' valid_min='-1000' valid_max='1000' slider_min='-100' slider_max='200' precision='2' DISPLAY_PERCENT='true'/>
</Group>
</Effect>
<Effect matchname='PSEUDO/DUIK_3D_List' name='$$$/AE/Preset/DUIK_3D_List=DUIK_3D_List'>
<Group name='$$$/AE/Preset/1=1'>
	<Point name='$$$/AE/Preset/Value=Value' default_x='0' default_y='0'/>
	<Slider name='$$$/AE/Preset/ZValue=Z Value' default='0' valid_min='-30000' valid_max='30000' slider_min='-1000' slider_max='1000' precision='1'/>
	<Slider name='$$$/AE/Preset/Weight=Weight' default='100' valid_min='-1000' valid_max='1000' slider_min='-100' slider_max='200' precision='2' DISPLAY_PERCENT='true'/>
</Group>
	<Group name='$$$/AE/Preset/2=2'>
	<Point name='$$$/AE/Preset/Value=Value' default_x='0' default_y='0'/>
	<Slider name='$$$/AE/Preset/ZValue=Z Value' default='0' valid_min='-30000' valid_max='30000' slider_min='-1000' slider_max='1000' precision='1'/>
	<Slider name='$$$/AE/Preset/Weight=Weight' default='100' valid_min='-1000' valid_max='1000' slider_min='-100' slider_max='200' precision='2' DISPLAY_PERCENT='true'/>
</Group>
	<Group name='$$$/AE/Preset/3=3'>
	<Point name='$$$/AE/Preset/Value=Value' default_x='0' default_y='0'/>
	<Slider name='$$$/AE/Preset/ZValue=Z Value' default='0' valid_min='-30000' valid_max='30000' slider_min='-1000' slider_max='1000' precision='1'/>
	<Slider name='$$$/AE/Preset/Weight=Weight' default='100' valid_min='-1000' valid_max='1000' slider_min='-100' slider_max='200' precision='2' DISPLAY_PERCENT='true'/>
</Group>
	<Group name='$$$/AE/Preset/4=4'>
	<Point name='$$$/AE/Preset/Value=Value' default_x='0' default_y='0'/>
	<Slider name='$$$/AE/Preset/ZValue=Z Value' default='0' valid_min='-30000' valid_max='30000' slider_min='-1000' slider_max='1000' precision='1'/>
	<Slider name='$$$/AE/Preset/Weight=Weight' default='100' valid_min='-1000' valid_max='1000' slider_min='-100' slider_max='200' precision='2' DISPLAY_PERCENT='true'/>
</Group>
	<Group name='$$$/AE/Preset/5=5'>
	<Point name='$$$/AE/Preset/Value=Value' default_x='0' default_y='0'/>
	<Slider name='$$$/AE/Preset/ZValue=Z Value' default='0' valid_min='-30000' valid_max='30000' slider_min='-1000' slider_max='1000' precision='1'/>
	<Slider name='$$$/AE/Preset/Weight=Weight' default='100' valid_min='-1000' valid_max='1000' slider_min='-100' slider_max='200' precision='2' DISPLAY_PERCENT='true'/>
</Group>
</Effect>
<Effect matchname='PSEUDO/DUIK_Bezier_IK' name='$$$/AE/Preset/DUIK_Bezier_IK=DUIK_Bezier_IK'>
	<Slider name='$$$/AE/Preset/Offset=Offset' default='0' valid_min='-1000' valid_max='1000' slider_min='-100' slider_max='100' precision='1' DISPLAY_PERCENT='true'/>
	<Checkbox name='$$$/AE/Preset/AutoOrientation=Auto Orientation' default='true'/>
</Effect>
<Effect matchname='PSEUDO/DUIK_Foot_Roll' name='$$$/AE/Preset/DUIK_Foot_Roll=DUIK_Foot_Roll'>
	<Angle name='$$$/AE/Preset/Tiptoe=Tiptoe' default='0.0'/>
	<Angle name='$$$/AE/Preset/Heel=Heel' default='0.0'/>
	<Angle name='$$$/AE/Preset/FootRoll=Foot roll' default='0.0'/>
</Effect>
<!-- END DUIK PSEUDO EFFECTS -->